client,age,education_years,hours_per_week,sex,income
client_0,43.7,12,38.2,M,1
client_0,27.5,12,42.0,M,1
client_0,49.0,8,48.2,F,1
client_0,51.3,12,36.1,M,1
client_0,18.0,11,45.2,M,1
client_0,24.4,10,37.3,M,1
client_0,41.5,14,38.8,M,1
client_0,36.2,13,48.3,M,1
client_0,39.8,11,20.1,F,0
client_0,29.8,13,27.0,F,1
client_0,50.6,14,25.2,F,0
client_0,49.3,12,16.7,M,0
client_0,40.8,8,33.2,F,0
client_0,53.5,14,47.5,F,1
client_0,45.6,13,37.2,M,1
client_0,29.7,16,42.0,F,1
client_0,44.4,7,50.9,F,0
client_0,28.5,10,53.3,F,1
client_0,50.5,16,39.3,F,1
client_0,39.4,11,53.5,F,0
client_0,37.8,16,40.9,M,1
client_0,31.8,6,31.6,F,0
client_0,54.7,6,34.1,F,0
client_0,38.1,14,25.2,M,1
client_0,34.9,9,31.1,F,0
client_0,35.8,11,36.4,M,0
client_0,46.4,10,48.0,M,0
client_0,44.4,10,57.2,M,0
client_0,45.0,16,26.2,F,1
client_0,45.2,7,43.9,F,0
client_0,65.7,14,29.6,M,1
client_0,35.1,15,44.7,F,1
client_0,33.9,13,38.7,M,1
client_0,30.2,10,21.7,F,0
client_0,47.4,7,49.3,F,0
client_0,53.5,13,33.9,M,1
client_0,38.6,11,34.7,M,1
client_0,29.9,7,29.3,M,0
client_0,30.1,9,33.5,M,0
client_0,47.8,16,44.3,F,1
client_0,48.9,8,38.1,M,0
client_0,46.5,7,43.3,M,0
client_0,32.0,13,43.6,F,1
client_0,42.8,8,53.2,F,0
client_0,41.4,16,36.6,M,1
client_0,42.6,15,25.2,F,1
client_0,50.5,16,50.7,M,1
client_0,42.7,16,36.7,F,1
client_0,48.1,8,51.1,F,0
client_0,40.8,8,43.8,F,0
client_0,43.5,9,38.7,F,0
client_0,47.6,11,43.5,M,1
client_0,22.5,15,59.5,M,1
client_0,36.2,14,60.8,M,1
client_0,34.4,13,40.7,M,0
client_0,32.3,15,41.6,F,1
client_0,36.7,13,50.8,M,1
client_0,57.9,10,31.5,M,0
client_0,29.6,10,43.3,M,0
client_0,51.6,11,39.7,M,1
client_0,19.8,6,43.1,M,0
client_0,36.0,14,31.7,M,1
client_0,42.0,13,24.1,M,0
client_0,47.0,14,19.3,M,1
client_0,48.5,11,28.8,M,0
client_0,49.5,14,35.4,F,1
client_0,35.8,16,37.1,F,1
client_0,34.5,12,59.4,M,1
client_0,50.3,10,51.1,F,0
client_0,37.7,7,30.4,F,0
client_0,24.7,14,43.5,M,1
client_0,26.4,15,35.9,M,1
client_0,29.0,13,37.2,M,0
client_0,46.0,15,41.9,F,1
client_0,41.7,15,46.2,F,1
client_0,48.3,14,36.6,M,1
client_0,34.9,11,50.6,M,1
client_0,41.9,7,28.6,F,0
client_0,47.5,6,40.1,M,0
client_0,36.3,8,66.0,F,0
client_0,45.5,10,42.2,M,1
client_0,32.1,14,54.3,M,1
client_0,35.6,11,40.9,M,0
client_0,35.4,6,45.8,M,1
client_0,25.6,8,39.4,F,0
client_0,45.8,16,38.3,F,1
client_0,34.4,16,32.2,F,1
client_0,40.1,10,44.3,M,1
client_0,45.8,14,31.5,M,1
client_0,45.4,13,46.7,M,1
client_0,48.0,16,50.9,F,1
client_0,38.8,15,43.7,F,1
client_0,34.9,12,37.1,M,1
client_0,39.0,10,44.5,M,0
client_0,19.8,12,36.9,M,1
client_0,22.6,9,49.4,F,0
client_0,24.1,9,21.7,F,0
client_0,28.0,12,36.6,M,0
client_0,44.8,12,20.1,M,0
client_0,29.1,12,25.0,F,1
client_0,35.5,10,53.6,M,0
client_0,55.6,10,49.0,F,1
client_0,35.7,6,32.8,F,0
client_0,48.9,12,25.0,M,0
client_0,28.8,12,10.4,M,0
client_0,37.5,16,34.6,M,1
client_0,28.6,11,64.2,F,1
client_0,35.9,11,44.3,M,0
client_0,50.1,6,34.4,M,0
client_0,19.3,8,44.7,M,0
client_0,45.2,9,24.4,F,0
client_0,42.9,10,37.0,M,0
client_0,32.9,9,41.0,M,0
client_0,22.6,10,39.1,M,0
client_0,40.9,14,47.9,F,0
client_0,33.6,7,43.4,M,0
client_0,42.8,9,46.7,F,0
client_0,40.3,7,33.1,F,0
client_0,59.2,9,49.0,M,1
client_0,37.1,13,56.3,F,1
client_0,27.7,6,30.3,M,0
client_0,42.2,9,31.1,F,0
client_0,42.6,6,53.4,M,0
client_0,56.3,16,38.1,M,1
client_0,50.0,13,54.0,M,1
client_0,44.3,8,35.6,F,1
client_0,57.6,8,54.6,F,0
client_0,25.7,7,41.3,F,0
client_0,32.3,11,42.6,F,0
client_0,28.9,14,55.6,M,1
client_0,35.3,12,36.4,F,0
client_0,23.5,15,30.6,F,1
client_0,47.6,9,35.5,F,0
client_0,37.3,9,44.5,F,1
client_0,22.4,11,24.3,M,0
client_0,27.8,8,46.4,M,0
client_0,43.8,16,34.6,F,1
client_0,50.1,8,51.5,M,1
client_0,64.0,11,16.1,M,0
client_0,75.0,11,32.1,F,1
client_0,45.0,6,23.1,F,0
client_0,28.1,11,31.7,F,0
client_0,18.0,11,42.5,F,0
client_0,43.2,8,38.2,F,0
client_0,30.2,7,37.5,F,0
client_0,35.0,6,38.4,M,0
client_0,32.7,6,42.0,F,0
client_0,38.3,11,29.9,M,0
client_0,52.8,6,47.1,F,0
client_0,41.9,16,46.6,F,1
client_0,38.1,8,43.9,M,0
client_0,27.6,13,45.6,M,1
client_0,19.9,13,43.0,M,1
client_0,34.2,11,60.4,F,0
client_0,39.4,15,39.1,F,1
client_0,61.2,7,36.9,F,1
client_0,41.6,8,32.5,F,0
client_0,51.8,8,29.7,M,0
client_0,34.0,7,27.6,F,0
client_0,25.8,9,31.1,F,0
client_0,28.4,9,39.3,M,0
client_0,31.3,14,43.3,F,1
client_0,65.5,9,40.5,F,1
client_0,30.1,15,32.3,F,1
client_0,50.1,14,49.0,F,1
client_0,29.2,15,47.4,M,1
client_0,51.2,7,38.4,M,0
client_0,44.6,16,33.5,M,1
client_0,38.1,12,45.5,F,1
client_0,39.5,16,41.9,M,1
client_0,32.1,9,25.5,M,0
client_0,45.4,16,39.3,F,1
client_0,34.5,12,42.6,M,0
client_0,25.3,6,31.0,F,0
client_0,24.7,10,41.9,M,1
client_0,42.1,7,25.5,M,0
client_0,58.9,16,53.4,F,1
client_0,41.9,9,52.5,F,1
client_0,38.6,8,37.5,F,0
client_0,43.4,12,43.6,M,1
client_0,55.7,10,15.9,F,0
client_0,42.6,7,28.4,M,0
client_0,35.1,14,37.1,F,1
client_0,53.3,15,29.3,F,1
client_0,45.1,14,47.1,M,1
client_0,58.4,12,60.0,M,1
client_0,42.2,10,28.2,M,0
client_0,25.3,11,31.6,F,0
client_0,23.6,11,42.4,F,0
client_0,59.8,7,56.1,F,0
client_0,60.7,6,27.8,M,0
client_0,37.8,8,42.5,M,0
client_0,35.4,10,58.2,F,1
client_0,57.5,7,23.5,M,0
client_0,26.7,7,27.2,F,0
client_0,29.3,15,35.8,M,1
client_0,47.7,10,34.8,M,1
client_0,35.3,12,48.1,M,1
client_0,39.9,11,42.4,F,0
client_0,38.0,14,22.3,M,1
client_0,44.1,14,45.2,F,1
client_0,56.9,9,34.2,M,0
client_0,41.1,15,52.7,F,1
client_0,47.7,10,33.7,M,1
client_0,18.0,15,33.6,F,1
client_0,39.4,10,45.4,F,0
client_0,29.9,7,47.6,M,0
client_0,25.4,14,44.5,M,1
client_0,29.5,6,23.1,F,0
client_0,36.0,14,45.4,M,0
client_0,51.0,6,29.7,F,0
client_0,24.1,8,42.4,F,0
client_0,40.4,12,25.8,F,1
client_0,34.2,16,44.5,F,1
client_0,36.1,10,31.9,F,0
client_0,52.0,7,27.2,F,0
client_0,46.5,8,47.1,F,0
client_0,56.0,15,42.4,F,1
client_0,38.1,13,33.9,F,1
client_0,31.6,7,54.5,M,0
client_0,37.3,10,35.6,M,0
client_0,42.9,8,40.3,F,0
client_0,42.1,7,42.7,F,0
client_0,27.0,15,33.8,M,0
client_0,41.1,12,44.7,M,1
client_0,42.7,7,34.7,M,0
client_0,70.2,13,35.9,M,1
client_0,62.5,10,53.6,M,1
client_0,29.8,6,29.6,M,0
client_0,36.6,10,15.9,F,0
client_0,22.4,8,56.1,F,0
client_0,32.9,8,65.5,F,0
client_0,43.8,15,35.9,F,1
client_0,54.5,13,20.6,M,1
client_0,31.3,7,36.9,M,0
client_0,32.2,15,37.1,M,1
client_0,18.0,12,38.1,F,1
client_0,38.0,15,28.9,F,1
client_0,27.3,14,45.8,F,1
client_0,33.6,9,45.2,M,1
client_0,29.5,11,25.1,F,0
client_0,38.9,11,47.0,F,1
client_0,18.9,13,60.5,M,1
client_0,22.4,8,41.7,M,0
client_0,65.6,9,36.6,M,0
client_0,24.6,8,38.6,F,0
client_0,26.8,9,46.2,F,0
client_0,62.0,7,22.7,F,0
client_0,74.9,6,41.6,F,0
client_0,25.9,16,36.1,M,1
client_0,35.6,6,58.5,F,0
client_0,44.1,15,38.3,F,1
client_0,60.7,6,56.7,M,0
client_0,28.2,14,29.0,F,1
client_0,37.1,9,45.9,F,0
client_0,49.3,11,43.2,F,1
client_0,45.2,9,31.3,F,0
client_0,35.5,11,41.8,F,1
client_0,38.4,10,52.1,M,0
client_0,23.5,11,36.8,M,0
client_0,37.1,10,23.1,F,0
client_0,36.8,11,39.8,F,0
client_0,42.8,15,31.0,F,1
client_0,33.3,10,36.6,M,0
client_0,45.7,9,39.2,M,0
client_0,52.2,7,22.9,M,0
client_0,41.9,9,23.8,F,0
client_0,44.2,7,44.8,F,0
client_0,40.6,8,34.8,F,0
client_0,40.0,16,14.4,F,1
client_0,31.3,6,47.8,F,0
client_0,43.8,11,42.7,M,0
client_0,38.8,15,32.9,F,1
client_0,65.1,16,26.8,M,1
client_0,58.9,7,48.4,M,0
client_0,44.6,7,43.5,M,0
client_0,30.8,10,63.8,F,1
client_0,26.7,12,44.2,M,1
client_0,54.3,16,43.9,F,1
client_0,43.2,8,38.3,F,0
client_0,45.8,7,48.2,F,0
client_0,19.1,8,46.3,F,0
client_0,51.1,15,52.5,M,1
client_0,45.5,6,34.8,M,0
client_0,26.7,10,35.6,M,0
client_0,34.3,7,35.2,F,0
client_0,43.2,7,47.9,F,0
client_0,40.6,16,55.0,M,1
client_0,36.5,6,35.4,F,0
client_0,38.8,9,35.8,M,0
client_0,37.0,16,43.1,M,1
client_0,41.8,12,37.5,M,1
client_0,57.7,6,49.5,M,0
client_0,18.0,11,17.5,F,0
client_0,37.2,16,31.7,F,1
client_0,42.1,10,32.2,F,0
client_0,43.6,11,16.8,F,0
client_0,35.5,11,30.4,F,0
client_0,18.9,13,30.8,M,1
client_0,43.9,8,38.0,F,0
client_0,60.7,15,51.1,M,1
client_0,21.6,16,37.5,M,1
client_0,50.4,7,29.7,M,0
client_0,36.1,15,39.4,F,1
client_0,39.3,14,50.5,M,1
client_0,27.4,14,30.2,F,1
client_0,36.0,10,30.9,F,0
client_0,55.6,11,45.6,F,1
client_0,47.0,15,37.8,F,1
client_0,60.8,7,46.5,F,0
client_0,54.1,15,39.9,F,1
client_0,45.3,16,47.0,M,1
client_0,60.9,13,29.6,F,1
client_0,45.3,9,39.9,F,0
client_0,49.9,12,37.9,M,1
client_0,36.4,6,27.8,M,0
client_0,40.8,16,24.4,M,1
client_0,31.6,9,46.9,F,0
client_0,51.9,6,36.5,M,0
client_0,25.9,14,29.8,M,1
client_0,49.4,13,39.0,F,1
client_0,37.7,12,51.3,F,1
client_0,54.1,6,17.2,M,0
client_0,49.0,14,25.0,F,1
client_0,61.8,13,30.8,F,1
client_0,48.8,14,54.6,M,1
client_0,21.1,15,42.8,M,1
client_0,39.2,8,47.7,M,0
client_0,25.9,8,28.6,M,0
client_0,33.8,16,28.8,M,1
client_0,58.1,11,44.5,F,0
client_0,47.7,10,40.6,F,0
client_0,31.6,9,45.5,M,0
client_0,27.8,13,38.1,F,0
client_0,40.4,14,42.8,F,1
client_0,25.4,6,41.6,M,0
client_0,31.9,12,47.8,M,1
client_0,43.7,16,48.1,F,1
client_0,53.9,9,23.8,F,0
client_0,47.3,9,17.5,M,0
client_0,18.0,15,50.0,F,1
client_0,43.7,6,51.9,M,0
client_0,40.9,10,29.8,M,0
client_0,45.0,11,21.4,M,0
client_0,59.4,14,41.0,F,1
client_0,18.0,7,49.3,M,0
client_0,32.9,10,58.0,F,0
client_0,47.1,7,45.2,M,0
client_0,21.0,14,36.3,F,0
client_0,57.7,12,31.1,F,0
client_0,44.4,11,40.1,M,0
client_0,50.2,10,37.0,F,0
client_0,33.1,7,29.8,M,0
client_0,49.8,16,60.5,M,1
client_0,52.8,13,57.9,F,1
client_0,42.8,9,51.4,F,0
client_0,42.8,10,30.8,M,0
client_0,43.2,13,48.6,F,1
client_0,29.6,13,46.4,F,1
client_0,38.2,11,44.4,F,1
client_0,38.2,9,52.5,F,1
client_0,44.6,13,46.4,M,1
client_0,52.0,13,47.4,F,1
client_0,27.3,12,46.4,M,1
client_0,38.5,6,43.4,F,0
client_0,57.8,11,22.2,M,0
client_0,31.1,12,40.8,F,1
client_0,30.1,16,34.4,F,1
client_0,42.4,11,27.2,M,0
client_0,50.1,9,56.8,F,1
client_0,40.1,12,57.3,F,1
client_0,55.9,7,53.6,M,1
client_0,50.3,6,42.6,F,0
client_0,50.1,13,53.5,F,1
client_0,46.6,16,40.1,F,1
client_0,67.9,15,42.0,M,1
client_0,37.5,12,29.1,M,0
client_0,18.0,6,44.0,M,0
client_0,59.3,16,40.6,M,1
client_0,34.5,10,27.0,F,0
client_0,41.3,9,39.5,F,0
client_0,55.7,15,39.2,F,1
client_0,20.8,14,58.0,F,1
client_0,25.0,14,48.9,F,1
client_0,20.8,9,40.1,M,0
client_0,30.5,16,42.5,M,1
client_0,45.3,10,40.4,M,1
client_0,46.3,11,38.0,M,0
client_0,43.3,14,29.2,M,0
client_0,23.0,13,38.5,F,1
client_0,18.0,7,32.5,M,0
client_0,40.7,9,27.5,M,0
client_0,34.3,9,45.1,F,0
client_0,45.5,16,43.9,F,1
client_0,48.4,13,22.1,M,1
client_0,41.7,10,38.8,F,0
client_0,49.1,14,50.0,M,1
client_0,42.8,14,50.6,M,1
client_0,46.4,10,50.3,F,1
client_0,31.5,10,40.4,F,0
client_1,23.4,10,43.9,M,0
client_1,23.1,16,45.5,M,1
client_1,37.9,11,42.3,M,1
client_1,31.2,7,49.7,M,0
client_1,44.5,6,40.9,M,0
client_1,45.4,8,43.9,M,0
client_1,43.9,13,43.0,F,1
client_1,42.9,11,39.1,M,1
client_1,58.9,9,34.7,F,0
client_1,27.2,11,62.1,F,1
client_1,39.3,15,35.5,M,1
client_1,53.6,12,33.3,M,1
client_1,55.2,6,44.3,F,0
client_1,22.9,6,42.5,M,0
client_1,36.3,11,26.0,M,0
client_1,56.3,10,51.2,M,0
client_1,46.1,15,39.1,F,1
client_1,42.3,12,28.9,M,0
client_1,37.4,14,51.9,F,1
client_1,35.4,12,46.3,M,1
client_1,43.5,9,27.4,F,0
client_1,37.0,13,57.8,M,1
client_1,39.5,12,46.6,F,1
client_1,40.9,13,39.9,F,1
client_1,31.9,8,55.9,F,0
client_1,46.4,13,41.6,M,1
client_1,75.0,9,39.7,F,0
client_1,18.7,14,33.4,M,1
client_1,43.9,14,45.8,F,1
client_1,30.9,12,44.8,F,1
client_1,46.9,16,40.1,M,1
client_1,40.6,11,32.1,M,0
client_1,49.1,6,41.3,F,0
client_1,54.1,12,39.3,F,1
client_1,42.3,14,26.7,F,1
client_1,53.6,7,25.3,M,0
client_1,18.0,7,45.7,M,0
client_1,59.1,9,14.0,F,0
client_1,44.5,15,42.1,M,1
client_1,52.9,11,35.2,F,1
client_1,25.4,16,53.1,F,1
client_1,30.0,15,35.1,M,1
client_1,41.8,12,46.6,M,1
client_1,39.8,13,36.0,F,1
client_1,43.4,9,41.1,M,0
client_1,53.0,6,47.4,F,0
client_1,18.8,10,35.4,M,1
client_1,51.7,12,50.0,F,0
client_1,40.1,8,30.1,F,0
client_1,37.6,8,42.9,F,0
client_1,22.3,6,49.2,M,0
client_1,46.0,14,46.6,M,0
client_1,18.0,15,59.2,F,1
client_1,47.8,15,32.4,M,1
client_1,22.1,10,26.2,M,0
client_1,40.6,12,30.1,F,1
client_1,38.6,16,46.6,M,1
client_1,54.0,12,45.0,M,1
client_1,37.9,9,41.0,F,0
client_1,31.7,9,28.8,F,0
client_1,33.9,13,47.7,F,1
client_1,55.3,10,27.8,M,0
client_1,46.4,15,51.6,M,1
client_1,35.4,15,68.6,F,1
client_1,37.2,6,43.7,F,0
client_1,21.2,13,45.8,F,1
client_1,44.7,10,35.1,F,0
client_1,18.9,11,21.9,F,0
client_1,49.0,8,34.0,F,0
client_1,41.5,10,29.1,M,0
client_1,68.6,9,25.5,F,0
client_1,26.8,6,57.2,M,0
client_1,38.8,14,42.7,F,1
client_1,61.6,7,43.8,F,0
client_1,54.3,10,36.9,M,0
client_1,31.6,8,38.3,M,0
client_1,42.7,7,49.6,M,0
client_1,40.0,10,39.7,M,0
client_1,43.4,16,45.3,F,1
client_1,31.6,16,38.0,F,1
client_1,38.9,10,36.6,M,0
client_1,20.8,11,25.9,M,1
client_1,41.6,16,20.2,M,1
client_1,45.4,8,37.4,M,0
client_1,37.3,16,40.6,F,1
client_1,20.6,7,27.1,F,0
client_1,51.9,8,39.7,F,0
client_1,44.4,9,40.5,M,0
client_1,31.3,6,18.4,M,0
client_1,36.6,14,30.8,F,1
client_1,22.0,15,44.1,M,1
client_1,27.7,10,43.9,M,1
client_1,33.5,15,28.5,F,1
client_1,54.7,14,41.6,F,1
client_1,32.3,14,50.2,M,1
client_1,47.7,14,47.8,M,1
client_1,33.5,12,39.0,F,1
client_1,43.0,7,35.3,F,0
client_1,38.3,16,33.7,F,1
client_1,50.5,12,44.7,M,1
client_1,33.6,15,42.0,F,0
client_1,21.1,16,46.3,M,1
client_1,23.4,8,41.3,F,0
client_1,33.6,10,48.2,F,1
client_1,25.0,8,40.9,F,0
client_1,44.9,6,47.8,M,0
client_1,34.4,16,48.7,F,1
client_1,68.5,16,32.0,M,1
client_1,19.1,16,21.9,F,0
client_1,42.4,15,55.4,M,1
client_1,26.5,13,42.6,F,1
client_1,34.1,11,22.9,F,0
client_1,41.7,16,32.9,M,1
client_1,18.0,12,47.7,M,0
client_1,42.8,13,37.2,M,1
client_1,62.8,8,34.9,F,0
client_1,34.6,14,54.0,M,1
client_1,43.1,15,29.5,F,1
client_1,52.3,13,32.0,M,1
client_1,38.0,11,42.1,M,0
client_1,33.0,8,43.9,M,0
client_1,18.0,6,45.0,M,0
client_1,47.7,12,49.1,M,1
client_1,38.6,13,42.0,M,1
client_1,27.8,14,44.9,F,1
client_1,41.5,16,37.4,F,1
client_1,33.0,11,40.6,M,1
client_1,33.7,15,41.1,M,1
client_1,47.3,13,42.2,M,1
client_1,23.9,9,47.7,M,0
client_1,52.6,15,45.6,F,1
client_1,23.2,6,40.4,F,0
client_1,32.0,12,31.9,M,1
client_1,63.1,16,40.7,M,1
client_1,53.5,13,39.7,F,1
client_1,41.2,16,41.9,F,1
client_1,28.7,6,62.1,F,0
client_1,33.6,11,34.8,F,0
client_1,40.9,14,44.2,M,1
client_1,40.5,13,50.7,M,1
client_1,38.9,15,41.0,M,1
client_1,39.6,11,63.4,M,1
client_1,37.4,13,36.2,F,1
client_1,22.7,10,43.2,F,0
client_1,33.8,15,32.0,F,1
client_1,51.0,7,36.5,F,0
client_1,23.6,8,42.5,M,0
client_1,37.7,7,48.5,F,0
client_1,30.2,13,43.2,F,1
client_1,41.3,8,52.6,M,0
client_1,35.3,9,39.1,M,0
client_1,57.7,15,36.7,F,1
client_1,46.1,9,67.0,F,1
client_1,24.3,7,43.9,M,0
client_1,48.1,6,32.8,M,0
client_1,30.7,8,33.1,M,0
client_1,33.1,16,30.6,F,1
client_1,43.8,12,49.4,F,1
client_1,34.1,16,36.4,F,0
client_1,50.7,8,41.3,M,1
client_1,30.7,9,39.4,M,0
client_1,32.6,7,47.3,M,0
client_1,32.1,10,31.5,M,0
client_1,33.2,12,29.2,M,0
client_1,53.2,14,42.2,F,1
client_1,47.5,10,46.0,F,0
client_1,60.5,14,43.3,M,1
client_1,67.2,12,31.9,F,1
client_1,27.6,9,46.8,F,1
client_1,40.8,16,32.6,F,1
client_1,25.9,10,34.8,F,0
client_1,30.7,7,30.6,M,0
client_1,32.4,16,53.0,M,1
client_1,27.3,16,46.3,M,1
client_1,27.4,6,46.0,F,0
client_1,38.3,15,52.5,F,1
client_1,25.4,16,68.1,F,1
client_1,50.1,15,22.9,F,1
client_1,29.0,8,32.6,M,0
client_1,73.7,12,33.8,M,1
client_1,34.6,11,31.5,M,0
client_1,40.9,12,29.2,F,0
client_1,24.5,12,37.0,M,1
client_1,60.5,13,27.8,F,1
client_1,53.4,11,43.4,F,1
client_1,43.6,13,40.5,M,1
client_1,23.8,11,44.8,F,1
client_1,42.5,6,45.1,F,0
client_1,26.5,6,46.0,M,0
client_1,57.5,16,36.3,F,1
client_1,49.7,16,61.2,M,1
client_1,41.1,12,42.3,F,1
client_1,18.0,7,21.4,M,0
client_1,28.2,14,30.0,F,1
client_1,48.3,7,22.6,F,0
client_1,54.6,10,40.2,M,0
client_1,53.3,9,38.8,F,0
client_1,20.9,6,35.3,M,0
client_1,43.6,14,60.1,F,1
client_1,52.2,11,45.5,M,1
client_1,20.1,9,47.3,M,0
client_1,39.9,11,30.7,F,0
client_1,43.3,6,30.0,F,0
client_1,36.4,10,40.4,M,0
client_1,18.0,11,41.7,M,0
client_1,36.1,9,21.4,F,0
client_1,36.1,15,38.2,F,1
client_1,38.2,8,40.1,M,0
client_1,33.2,7,37.8,M,0
client_1,34.7,11,31.9,F,0
client_1,39.5,15,34.6,F,1
client_1,45.3,10,38.2,M,1
client_1,36.3,6,40.9,F,0
client_1,35.1,16,46.0,F,1
client_1,41.1,10,50.8,M,0
client_1,18.0,7,37.1,F,0
client_1,45.7,12,35.4,M,1
client_1,40.0,9,44.4,F,1
client_1,40.5,16,46.1,M,1
client_1,51.5,9,35.7,F,0
client_1,18.0,12,47.9,M,1
client_1,18.0,11,49.8,F,1
client_1,43.3,8,52.9,F,1
client_1,39.9,11,57.8,M,1
client_1,42.0,7,31.3,M,0
client_1,34.5,13,40.1,M,1
client_1,48.0,14,40.1,F,1
client_1,51.2,16,39.0,F,1
client_1,45.8,9,33.5,M,0
client_1,36.9,9,25.1,M,0
client_1,18.0,12,40.9,F,1
client_1,49.2,13,32.3,M,0
client_1,54.7,16,40.9,M,1
client_1,47.7,6,32.1,M,0
client_1,29.4,8,29.0,M,0
client_1,48.1,8,42.3,M,0
client_1,50.3,8,41.5,M,0
client_1,58.7,11,45.8,M,1
client_1,29.5,15,61.9,M,1
client_1,37.3,6,42.8,M,0
client_1,49.0,14,44.9,F,1
client_1,40.7,12,29.2,M,1
client_1,26.6,12,27.1,M,0
client_1,45.0,13,55.8,M,1
client_1,46.9,7,30.8,M,0
client_1,41.1,14,29.6,F,1
client_1,42.6,8,39.6,M,0
client_1,36.9,11,39.1,F,0
client_1,57.7,13,31.0,F,1
client_1,29.2,12,37.0,F,0
client_1,33.0,9,52.3,M,0
client_1,40.1,10,31.9,M,0
client_1,50.5,11,26.1,M,0
client_1,22.0,6,49.4,F,0
client_1,24.3,13,44.9,F,1
client_1,18.0,7,33.8,M,0
client_1,40.4,11,24.2,F,1
client_1,26.6,13,32.6,M,1
client_1,35.4,6,39.5,M,0
client_1,47.9,16,51.7,M,1
client_1,32.3,10,29.6,F,0
client_1,42.8,6,39.2,F,0
client_1,36.4,13,46.8,F,0
client_1,48.1,12,16.2,M,0
client_1,45.7,13,50.3,F,1
client_1,31.7,14,28.2,M,1
client_1,38.0,11,43.3,F,1
client_1,52.5,15,42.5,F,1
client_1,44.7,10,50.8,F,1
client_1,23.2,11,45.5,M,0
client_1,47.9,7,16.2,M,0
client_1,27.0,12,32.2,F,1
client_1,57.0,8,41.4,M,0
client_1,52.3,13,38.1,M,1
client_1,43.5,14,44.8,M,1
client_1,41.9,15,47.9,M,1
client_1,37.5,16,46.1,F,1
client_1,48.1,7,37.9,F,0
client_1,35.6,7,21.5,M,0
client_1,42.8,16,35.4,F,1
client_1,50.5,10,44.2,F,1
client_1,33.3,6,29.1,F,0
client_1,32.6,9,46.3,M,0
client_1,25.7,15,49.1,F,1
client_1,27.2,9,41.3,F,0
client_1,18.1,6,9.4,M,0
client_1,48.8,13,27.2,F,1
client_1,61.7,8,58.9,F,1
client_1,57.1,9,34.5,F,0
client_1,20.5,6,20.2,F,0
client_1,48.7,12,52.4,M,1
client_1,57.1,10,40.1,M,0
client_1,34.5,15,51.0,F,1
client_1,41.2,9,42.8,M,1
client_1,18.0,8,44.6,M,0
client_1,43.2,7,43.6,M,0
client_1,27.2,8,47.0,M,0
client_1,42.4,10,62.8,M,1
client_1,21.3,6,49.7,F,0
client_1,46.5,10,24.2,F,0
client_1,52.3,15,44.5,M,1
client_1,30.6,14,51.4,M,1
client_1,26.4,13,52.0,M,0
client_1,18.0,15,35.7,F,1
client_1,36.8,14,51.6,F,1
client_1,33.0,13,49.3,M,1
client_1,21.4,15,65.7,F,1
client_1,45.4,7,32.5,M,0
client_1,34.6,15,34.9,M,1
client_1,27.1,9,36.9,M,0
client_1,33.3,14,35.1,F,1
client_1,52.9,16,31.1,M,1
client_1,47.2,11,12.4,M,0
client_1,38.4,6,35.7,M,0
client_1,47.4,10,43.7,M,1
client_1,26.1,10,35.1,F,0
client_1,40.4,16,59.4,M,1
client_1,41.8,16,40.1,M,1
client_1,34.4,12,52.9,M,0
client_1,45.2,16,42.6,M,1
client_1,30.6,10,48.3,F,0
client_1,46.1,10,42.8,M,0
client_1,46.6,15,53.7,F,1
client_1,18.0,13,40.6,F,1
client_1,54.3,11,45.0,M,1
client_1,18.0,11,43.7,F,0
client_1,32.6,13,37.1,F,1
client_1,52.3,14,44.0,M,1
client_1,36.2,11,62.3,M,1
client_1,22.4,6,37.3,F,0
client_1,26.9,7,44.2,F,0
client_1,52.3,7,52.6,F,0
client_1,18.0,11,51.4,M,0
client_1,53.5,12,40.1,F,0
client_1,39.3,14,16.2,M,0
client_1,25.7,8,45.2,M,1
client_1,33.0,14,17.8,M,0
client_1,27.8,13,54.7,F,1
client_1,50.4,6,41.7,M,1
client_1,48.8,9,50.0,F,0
client_1,19.4,9,31.0,F,0
client_1,35.2,15,24.5,F,1
client_1,29.6,16,42.6,F,1
client_1,55.5,15,39.7,M,1
client_1,23.8,11,35.1,F,1
client_1,59.3,11,40.8,M,1
client_1,39.6,9,67.7,F,1
client_1,26.1,14,48.3,F,1
client_1,31.9,6,50.5,F,0
client_1,30.4,8,48.4,F,0
client_1,24.7,7,54.8,F,0
client_1,41.1,11,38.1,M,1
client_1,25.3,9,19.5,M,0
client_1,18.0,8,38.1,F,0
client_1,35.4,10,48.1,M,0
client_1,18.4,15,30.3,M,1
client_1,31.0,12,38.2,F,1
client_1,29.1,15,33.1,F,1
client_1,29.5,16,55.0,F,1
client_1,64.0,15,47.5,M,1
client_1,40.7,9,46.5,M,0
client_1,42.9,15,46.2,F,1
client_1,18.7,16,39.6,M,1
client_1,32.2,16,42.0,M,1
client_1,42.6,9,28.1,M,0
client_1,27.7,8,18.1,F,0
client_1,50.9,12,41.5,M,1
client_1,25.6,16,43.2,M,1
client_1,36.6,15,52.1,M,1
client_1,33.0,12,55.7,M,1
client_1,42.0,7,55.7,M,0
client_1,32.3,10,30.0,M,0
client_1,36.7,13,36.5,F,0
client_1,37.2,12,44.8,F,1
client_1,31.2,9,65.3,F,1
client_1,45.8,9,54.8,F,0
client_1,42.9,6,51.2,M,0
client_1,38.9,9,36.1,M,1
client_1,34.8,13,31.2,M,1
client_1,49.6,8,47.9,M,0
client_1,37.2,16,29.0,F,1
client_1,36.3,6,37.6,F,0
client_1,41.3,12,38.9,M,0
client_1,60.4,11,55.9,F,1
client_1,23.9,15,36.5,M,1
client_1,49.2,15,15.6,F,0
client_1,18.0,11,45.0,F,0
client_1,42.6,12,33.0,M,1
client_1,58.9,13,40.4,M,1
client_1,45.9,11,39.1,M,1
client_1,42.0,8,37.3,F,0
client_1,33.3,10,47.9,M,1
client_1,40.4,8,24.7,M,0
client_1,37.0,11,34.8,M,1
client_1,30.6,12,46.8,F,1
client_1,36.5,8,33.9,F,0
client_1,42.4,8,23.9,M,0
client_1,30.8,15,46.7,F,1
client_1,30.3,10,51.2,M,1
client_1,23.7,8,39.6,F,0
client_2,44.1,10,56.8,M,0
client_2,29.5,14,47.2,F,1
client_2,32.6,11,28.1,M,0
client_2,29.0,16,44.9,M,1
client_2,25.7,14,48.5,M,0
client_2,52.8,13,47.3,M,1
client_2,48.3,14,47.8,F,1
client_2,51.7,7,43.6,F,0
client_2,40.5,10,39.3,M,0
client_2,49.3,12,33.9,M,0
client_2,18.9,8,21.0,M,0
client_2,50.4,7,43.4,M,0
client_2,42.1,7,41.9,M,0
client_2,47.5,14,45.6,M,1
client_2,44.6,13,26.6,F,1
client_2,28.2,9,46.5,F,0
client_2,22.0,14,60.5,F,1
client_2,31.5,13,40.8,M,1
client_2,46.8,14,39.4,M,1
client_2,48.3,16,43.1,M,1
client_2,23.6,15,60.3,F,1
client_2,28.2,7,29.8,M,0
client_2,31.3,14,42.0,M,1
client_2,35.7,10,32.0,M,0
client_2,23.7,10,34.5,F,0
client_2,22.9,13,39.5,F,0
client_2,30.1,12,53.5,F,1
client_2,41.0,10,58.0,M,1
client_2,25.8,16,44.5,M,1
client_2,38.6,7,36.2,M,0
client_2,52.7,7,64.9,F,0
client_2,24.4,6,35.7,F,0
client_2,37.5,14,34.3,M,1
client_2,52.3,10,22.3,F,0
client_2,35.0,10,54.0,M,1
client_2,33.1,13,49.7,F,1
client_2,54.0,10,64.2,M,1
client_2,36.3,12,26.1,M,0
client_2,53.3,6,54.6,M,0
client_2,45.1,7,40.7,F,0
client_2,35.9,16,48.1,M,1
client_2,45.8,10,23.5,M,1
client_2,43.8,7,54.7,M,0
client_2,52.3,10,47.9,F,1
client_2,33.4,9,39.6,M,0
client_2,40.5,9,46.5,F,1
client_2,39.3,9,32.3,F,0
client_2,48.4,14,34.2,M,1
client_2,27.7,7,35.4,M,0
client_2,52.2,9,21.5,F,0
client_2,45.6,11,48.6,F,1
client_2,24.2,11,51.9,M,1
client_2,54.5,15,33.0,M,1
client_2,66.8,16,43.5,F,1
client_2,52.0,9,37.3,M,1
client_2,57.1,11,43.3,M,1
client_2,41.0,6,33.7,M,0
client_2,20.1,12,31.2,F,0
client_2,18.0,7,50.5,M,0
client_2,43.1,6,39.4,M,0
client_2,32.9,13,60.2,M,1
client_2,29.0,7,40.5,M,0
client_2,39.2,11,30.7,F,0
client_2,47.4,7,52.3,F,0
client_2,22.6,14,46.3,F,1
client_2,34.6,14,47.3,F,1
client_2,58.1,12,51.9,F,1
client_2,27.1,15,33.5,F,1
client_2,50.4,10,38.7,M,0
client_2,34.2,8,38.3,M,0
client_2,46.5,7,27.1,M,0
client_2,53.2,8,37.4,M,0
client_2,48.9,8,53.4,F,1
client_2,50.9,9,42.4,F,0
client_2,26.2,8,26.5,F,0
client_2,53.4,12,24.4,F,0
client_2,29.8,7,56.6,F,1
client_2,43.1,12,39.1,M,1
client_2,43.1,9,33.5,M,0
client_2,45.8,13,37.3,M,1
client_2,44.0,11,25.2,F,0
client_2,29.9,15,54.2,M,1
client_2,23.8,10,36.1,M,1
client_2,50.5,9,53.7,F,0
client_2,42.2,12,40.5,F,1
client_2,53.8,13,54.3,M,1
client_2,39.5,10,42.6,F,1
client_2,23.1,12,48.5,M,0
client_2,51.6,11,47.2,F,1
client_2,35.6,9,46.2,F,0
client_2,44.1,9,43.5,M,0
client_2,32.2,15,37.7,F,1
client_2,59.7,13,59.2,F,1
client_2,29.5,7,30.9,F,1
client_2,36.0,16,40.0,F,1
client_2,41.3,13,40.1,M,1
client_2,26.9,6,44.0,F,0
client_2,44.0,14,35.7,F,1
client_2,59.3,12,43.1,M,1
client_2,34.1,16,38.3,M,1
client_2,44.7,11,24.2,F,0
client_2,18.0,11,40.1,M,0
client_2,39.5,9,29.0,F,0
client_2,36.2,9,22.7,M,0
client_2,30.2,12,41.4,M,0
client_2,53.0,15,44.9,M,1
client_2,36.1,15,45.3,F,1
client_2,37.9,14,45.7,F,1
client_2,35.5,12,20.7,M,1
client_2,18.0,11,26.4,M,0
client_2,26.4,9,59.7,F,0
client_2,51.5,14,29.5,F,1
client_2,18.0,9,46.1,F,0
client_2,30.8,8,33.1,M,0
client_2,35.2,15,40.8,F,1
client_2,60.9,12,33.7,M,0
client_2,49.2,9,45.6,M,1
client_2,33.3,15,41.4,M,1
client_2,55.7,16,35.5,F,1
client_2,31.1,9,29.5,M,0
client_2,52.1,11,42.7,M,1
client_2,23.7,11,27.9,F,0
client_2,52.9,13,44.3,M,1
client_2,35.1,16,66.3,M,1
client_2,27.7,12,53.5,M,0
client_2,37.4,14,47.2,M,1
client_2,43.3,12,39.1,F,0
client_2,34.1,15,20.6,M,1
client_2,46.6,10,26.8,M,0
client_2,33.0,10,52.8,F,0
client_2,47.4,10,32.1,M,0
client_2,45.3,16,33.0,F,1
client_2,39.3,12,38.3,M,1
client_2,34.7,7,29.4,M,0
client_2,41.8,6,27.7,F,0
client_2,46.6,11,39.5,F,1
client_2,64.7,14,31.1,F,0
client_2,51.3,11,32.6,M,0
client_2,51.7,12,32.2,F,1
client_2,77.1,14,45.2,M,1
client_2,46.2,11,37.7,F,1
client_2,45.8,15,38.2,M,1
client_2,48.4,13,46.0,M,1
client_2,27.9,14,38.6,F,0
client_2,34.7,14,37.2,M,1
client_2,33.9,12,44.7,M,1
client_2,47.8,6,46.7,F,0
client_2,37.9,10,38.5,F,0
client_2,41.7,7,40.8,M,0
client_2,53.0,11,32.2,F,1
client_2,50.4,7,31.4,F,0
client_2,38.1,11,47.7,M,0
client_2,32.0,9,44.4,M,0
client_2,53.6,6,44.6,F,0
client_2,49.3,7,42.8,F,0
client_2,20.7,11,40.5,F,1
client_2,36.2,6,47.0,M,0
client_2,42.0,15,49.4,F,1
client_2,49.3,14,49.1,M,1
client_2,50.9,13,39.0,M,1
client_2,43.4,7,53.9,M,0
client_2,47.0,14,42.3,M,1
client_2,40.8,12,46.3,M,0
client_2,31.9,10,42.8,F,0
client_2,36.9,6,42.5,F,0
client_2,40.2,11,32.6,F,1
client_2,39.6,14,47.0,M,1
client_2,18.0,6,68.5,M,0
client_2,35.2,6,36.3,F,0
client_2,40.7,10,40.7,F,1
client_2,36.6,11,35.5,M,1
client_2,37.0,11,35.1,M,1
client_2,45.9,10,55.4,F,1
client_2,27.1,8,33.3,M,0
client_2,20.5,6,35.3,M,0
client_2,35.8,6,24.1,M,0
client_2,49.2,7,32.4,F,0
client_2,60.3,13,22.9,M,1
client_2,49.4,14,46.3,M,1
client_2,22.4,10,68.0,M,1
client_2,37.2,6,36.3,F,0
client_2,43.1,10,23.3,M,0
client_2,42.1,16,49.0,M,1
client_2,46.5,8,32.7,F,0
client_2,29.0,11,53.0,M,1
client_2,40.8,11,37.2,F,1
client_2,45.0,9,33.7,M,0
client_2,49.9,10,38.2,M,0
client_2,30.3,11,47.6,M,1
client_2,35.9,11,37.7,F,1
client_2,18.0,13,35.0,F,1
client_2,32.5,12,38.0,M,0
client_2,33.7,6,27.3,F,0
client_2,27.8,6,44.0,M,0
client_2,42.0,10,22.1,M,0
client_2,39.3,15,35.6,M,1
client_2,18.0,6,47.6,M,0
client_2,42.6,6,43.0,F,0
client_2,28.9,13,45.9,M,1
client_2,45.8,10,39.3,F,0
client_2,24.6,8,51.7,M,0
client_2,40.4,8,49.2,M,0
client_2,36.6,13,44.5,M,0
client_2,43.6,11,49.3,F,1
client_2,41.5,13,47.5,M,1
client_2,36.9,9,35.6,M,0
client_2,21.6,11,26.6,M,0
client_2,22.3,15,44.2,M,1
client_2,33.0,9,45.5,M,0
client_2,39.9,10,50.9,M,0
client_2,32.7,7,30.6,M,0
client_2,47.5,13,30.9,M,1
client_2,36.6,6,44.6,M,0
client_2,28.4,8,39.3,F,1
client_2,36.7,13,21.1,F,1
client_2,42.7,6,43.8,F,0
client_2,43.9,16,21.5,M,1
client_2,62.5,10,30.5,M,1
client_2,32.0,10,53.5,F,1
client_2,39.1,11,58.2,F,1
client_2,45.1,13,27.8,M,0
client_2,39.7,11,36.7,F,0
client_2,34.0,15,40.4,F,1
client_2,21.4,16,57.8,F,1
client_2,33.9,8,35.1,M,0
client_2,27.1,13,35.2,F,0
client_2,19.3,9,55.5,F,0
client_2,30.5,16,36.3,M,1
client_2,27.4,8,47.2,F,0
client_2,47.0,9,25.2,F,0
client_2,47.2,13,38.3,M,1
client_2,29.2,14,23.4,M,1
client_2,36.9,7,29.4,F,0
client_2,18.0,12,48.4,F,1
client_2,34.1,9,39.5,F,0
client_2,44.8,12,36.8,M,1
client_2,49.9,12,32.5,M,0
client_2,31.4,16,37.8,F,1
client_2,52.6,16,43.0,M,1
client_2,21.8,13,49.8,M,1
client_2,25.0,13,13.7,F,0
client_2,48.5,15,31.7,F,0
client_2,60.1,8,41.6,M,0
client_2,45.9,13,39.0,M,1
client_2,39.5,14,44.0,M,1
client_2,18.0,7,42.7,F,0
client_2,18.0,15,37.0,F,1
client_2,41.6,13,34.7,F,1
client_2,35.7,9,37.5,F,0
client_2,26.7,11,51.5,F,1
client_2,40.8,11,32.7,F,0
client_2,41.4,16,39.4,M,1
client_2,51.3,16,41.8,M,1
client_2,41.6,14,55.6,M,1
client_2,54.7,13,37.0,M,0
client_2,40.1,7,49.6,F,0
client_2,38.6,16,52.3,M,1
client_2,52.8,7,39.4,F,0
client_2,28.3,7,37.9,M,0
client_2,73.8,6,36.7,M,0
client_2,44.5,16,37.4,F,1
client_2,44.6,11,48.5,M,1
client_2,46.3,8,42.3,M,0
client_2,62.5,6,42.4,F,0
client_2,49.5,10,28.7,F,0
client_2,20.7,13,30.3,M,1
client_2,56.8,16,61.4,F,1
client_2,35.9,12,38.2,M,0
client_2,41.3,12,32.3,F,1
client_2,24.6,15,54.3,M,1
client_2,46.3,15,42.8,F,1
client_2,32.2,9,45.8,F,0
client_2,41.2,16,38.6,M,1
client_2,36.6,11,36.8,F,1
client_2,63.1,16,38.3,M,1
client_2,63.8,7,26.2,F,0
client_2,40.6,7,39.1,F,0
client_2,40.8,15,43.0,M,1
client_2,35.5,13,58.5,F,1
client_2,53.3,7,40.9,F,0
client_2,36.1,15,16.7,M,1
client_2,34.9,7,39.1,M,0
client_2,51.7,13,67.4,M,1
client_2,33.5,8,48.7,M,0
client_2,39.5,6,31.9,M,0
client_2,21.0,14,45.9,M,1
client_2,48.5,15,32.6,M,1
client_2,63.3,7,26.5,F,0
client_2,48.7,7,36.5,M,0
client_2,57.5,12,40.9,F,0
client_2,29.8,6,21.3,M,0
client_2,42.8,14,28.5,F,1
client_2,28.7,16,40.1,M,1
client_2,37.3,14,35.9,M,1
client_2,49.3,8,43.9,M,0
client_2,41.2,8,27.9,M,0
client_2,23.0,13,47.1,F,1
client_2,24.2,6,28.2,F,0
client_2,23.4,11,56.4,F,0
client_2,45.9,10,22.8,M,0
client_2,64.8,14,29.1,M,0
client_2,56.3,8,44.2,F,0
client_2,18.0,14,56.6,F,1
client_2,57.1,13,43.2,F,1
client_2,51.2,8,45.6,M,0
client_2,21.5,9,40.2,F,0
client_2,36.4,6,29.7,M,0
client_2,53.1,10,35.1,M,0
client_2,46.6,8,27.9,F,0
client_2,24.3,7,27.2,F,0
client_2,47.3,12,44.0,M,1
client_2,18.0,12,28.8,F,0
client_2,37.3,6,43.2,M,0
client_2,53.7,8,27.0,M,1
client_2,40.2,6,43.0,M,0
client_2,34.0,13,35.1,M,1
client_2,50.7,9,54.1,M,1
client_2,51.7,6,43.2,F,0
client_2,55.7,8,52.4,F,1
client_2,50.5,16,32.4,F,1
client_2,53.0,8,40.6,M,0
client_2,48.8,13,30.2,M,1
client_2,43.2,11,35.9,F,0
client_2,41.1,7,37.4,F,0
client_2,37.2,9,32.7,M,0
client_2,25.5,6,27.8,F,0
client_2,28.5,14,25.9,M,0
client_2,36.6,9,16.6,M,0
client_2,42.9,11,29.4,F,0
client_2,57.3,7,46.3,F,0
client_2,39.5,15,24.0,F,1
client_2,52.0,8,26.3,M,0
client_2,53.0,12,57.9,F,1
client_2,37.2,15,33.6,F,1
client_2,47.1,13,43.2,M,0
client_2,37.1,12,46.4,F,1
client_2,55.9,15,46.6,M,1
client_2,47.6,7,24.8,F,0
client_2,25.7,16,37.7,F,1
client_2,41.9,12,23.8,F,0
client_2,59.8,10,64.5,F,1
client_2,37.8,8,24.1,F,0
client_2,45.4,14,29.5,M,1
client_2,46.6,16,29.6,F,1
client_2,27.6,13,25.0,M,0
client_2,46.1,6,53.5,M,0
client_2,23.3,11,64.2,M,1
client_2,32.5,14,35.2,M,1
client_2,52.9,10,26.8,F,0
client_2,44.3,14,17.6,F,1
client_2,36.3,13,37.6,M,1
client_2,45.4,6,36.8,M,0
client_2,39.3,12,33.5,F,0
client_2,40.2,7,42.2,M,0
client_2,47.9,11,44.0,M,0
client_2,31.3,10,43.2,M,0
client_2,40.5,14,36.8,F,1
client_2,36.3,15,29.0,F,1
client_2,21.0,11,46.7,F,1
client_2,29.0,11,40.1,F,0
client_2,58.8,12,48.9,F,1
client_2,44.6,13,47.9,F,1
client_2,24.1,12,25.8,F,0
client_2,21.5,14,25.7,F,0
client_2,38.7,16,32.4,F,1
client_2,58.7,15,29.4,F,1
client_2,37.8,7,47.6,F,0
client_2,55.7,11,43.5,M,1
client_2,44.2,11,51.0,M,1
client_2,45.7,11,44.0,M,0
client_2,24.0,11,42.1,M,0
client_2,51.3,13,52.0,F,1
client_2,36.0,10,44.7,M,1
client_2,50.4,8,40.7,F,0
client_2,30.2,11,54.8,M,1
client_2,42.1,15,41.2,F,1
client_2,44.2,9,37.0,F,0
client_2,38.2,6,31.6,F,0
client_2,44.9,16,47.0,F,1
client_2,36.8,8,52.4,M,1
client_2,32.2,12,39.5,M,1
client_2,59.3,14,53.1,F,1
client_2,52.6,9,20.3,F,0
client_2,30.9,9,39.4,M,0
client_2,46.8,9,39.6,M,0
client_2,31.1,7,32.7,M,0
client_2,25.8,7,63.8,M,0
client_2,52.4,8,39.3,M,0
client_2,19.6,11,35.9,M,0
client_2,51.1,11,40.3,M,1
client_2,37.0,6,20.0,F,0
client_2,37.5,15,32.4,M,1
client_2,44.9,13,49.8,F,1
client_2,47.0,6,33.7,F,0
client_2,30.1,15,31.7,M,1
client_2,48.6,6,53.1,F,0
client_2,41.4,12,53.4,M,0
client_2,24.9,11,45.2,M,1
client_2,38.0,11,35.4,F,0
client_2,56.6,16,37.6,F,1
client_3,38.7,12,11.3,F,0
client_3,38.7,15,35.2,F,0
client_3,39.1,12,50.8,M,1
client_3,37.7,7,23.2,M,1
client_3,43.0,16,41.1,F,0
client_3,49.0,12,55.9,F,0
client_3,25.2,9,32.4,F,0
client_3,27.4,14,40.0,M,0
client_3,19.0,10,27.0,M,0
client_3,50.4,10,56.3,F,0
client_3,43.0,15,39.2,F,1
client_3,46.1,15,40.5,F,1
client_3,22.8,11,53.5,F,0
client_3,61.4,10,46.6,F,0
client_3,32.7,15,31.2,F,1
client_3,42.0,7,33.5,M,1
client_3,50.3,14,44.9,M,1
client_3,28.2,12,33.8,M,1
client_3,33.4,15,18.8,F,0
client_3,42.2,10,39.5,F,1
client_3,74.3,15,25.2,F,1
client_3,43.6,6,56.2,F,1
client_3,59.3,14,41.8,F,1
client_3,54.5,6,30.9,F,0
client_3,44.4,13,33.0,F,0
client_3,28.1,8,21.1,F,1
client_3,52.7,16,29.0,M,0
client_3,22.0,14,50.2,M,0
client_3,59.2,7,62.3,M,0
client_3,42.4,15,47.3,F,1
client_3,18.0,8,39.1,F,0
client_3,35.9,12,35.7,M,0
client_3,47.8,6,30.4,M,1
client_3,37.2,7,60.6,M,1
client_3,48.6,8,38.1,F,0
client_3,29.8,11,61.2,M,1
client_3,24.3,11,53.9,M,1
client_3,39.1,15,22.6,M,0
client_3,40.4,7,33.3,M,0
client_3,35.8,14,33.3,F,1
client_3,54.7,6,39.2,M,0
client_3,29.8,9,39.4,M,0
client_3,43.8,7,70.0,F,1
client_3,40.8,7,29.2,F,0
client_3,21.3,12,42.3,F,0
client_3,24.2,15,46.2,M,0
client_3,40.1,13,40.0,F,0
client_3,63.8,15,41.1,M,0
client_3,47.0,12,29.6,M,0
client_3,19.3,6,41.1,F,1
client_3,18.0,9,45.1,F,1
client_3,48.8,15,43.3,M,1
client_3,38.8,6,45.7,M,0
client_3,53.7,7,54.1,F,0
client_3,29.4,15,49.4,M,0
client_3,44.2,6,40.7,F,1
client_3,50.2,16,28.3,M,1
client_3,34.6,14,34.0,M,1
client_3,34.9,13,37.8,M,1
client_3,40.3,11,42.5,F,1
client_3,46.5,6,35.2,F,0
client_3,39.8,10,30.6,M,0
client_3,51.7,14,28.1,M,1
client_3,34.5,15,23.5,M,1
client_3,24.1,10,37.7,F,0
client_3,63.7,15,25.3,M,0
client_3,32.7,14,30.0,M,1
client_3,33.2,6,36.1,F,1
client_3,39.2,12,26.6,M,1
client_3,40.8,12,43.8,F,1
client_3,35.4,11,47.4,M,1
client_3,39.8,14,34.5,M,1
client_3,39.5,15,35.6,M,0
client_3,42.1,12,45.4,F,0
client_3,18.0,9,32.9,M,1
client_3,62.6,16,32.2,M,0
client_3,38.2,16,52.0,M,0
client_3,47.0,13,48.8,F,1
client_3,23.5,13,46.0,M,0
client_3,34.3,7,49.3,F,0
client_3,31.9,10,20.2,M,0
client_3,57.6,8,53.5,M,0
client_3,33.0,11,43.9,M,1
client_3,49.1,15,50.1,M,1
client_3,32.2,8,43.9,M,1
client_3,34.6,16,40.5,M,1
client_3,37.1,7,37.2,M,1
client_3,55.4,7,43.7,M,0
client_3,18.0,16,36.9,F,0
client_3,24.2,7,48.7,F,0
client_3,18.0,14,24.1,M,0
client_3,26.9,14,34.6,F,1
client_3,30.3,9,60.4,M,0
client_3,20.6,6,33.7,F,0
client_3,31.2,9,37.6,F,0
client_3,18.0,6,31.2,M,0
client_3,27.8,13,43.4,M,1
client_3,54.4,15,32.6,F,0
client_3,44.8,16,38.1,F,0
client_3,42.2,14,48.5,M,0
client_3,28.0,14,33.0,F,0
client_3,21.6,15,47.9,F,1
client_3,26.3,14,48.2,M,0
client_3,39.5,13,50.5,M,0
client_3,50.4,16,41.4,M,0
client_3,50.8,9,72.4,M,0
client_3,47.6,10,50.5,M,0
client_3,31.1,15,43.2,M,1
client_3,40.3,9,31.2,F,0
client_3,36.1,9,39.0,F,0
client_3,37.6,7,54.3,F,0
client_3,64.4,9,57.1,M,0
client_3,18.9,12,54.8,M,0
client_3,37.2,15,47.9,F,1
client_3,54.5,7,27.4,M,0
client_3,22.4,13,44.9,F,1
client_3,32.3,14,27.6,M,1
client_3,33.7,15,25.1,F,0
client_3,37.3,14,42.4,F,1
client_3,20.8,7,45.2,F,0
client_3,47.1,11,49.0,F,1
client_3,48.0,16,45.0,M,0
client_3,46.1,15,45.3,F,0
client_3,29.6,12,30.2,F,0
client_3,41.0,16,39.0,M,1
client_3,29.2,13,24.9,F,1
client_3,36.0,6,20.0,M,0
client_3,65.8,16,47.4,M,1
client_3,41.1,7,32.5,M,1
client_3,25.7,10,48.7,M,1
client_3,42.2,8,51.1,F,0
client_3,23.8,13,33.8,M,1
client_3,25.6,6,45.9,M,0
client_3,27.5,13,33.4,M,0
client_3,34.7,15,21.5,M,0
client_3,51.2,14,41.2,F,1
client_3,46.9,9,35.3,F,1
client_3,46.3,15,35.6,M,1
client_3,26.8,9,59.8,M,1
client_3,33.5,13,24.7,F,0
client_3,43.3,11,43.8,F,0
client_3,32.5,6,30.1,F,1
client_3,36.7,6,49.1,F,1
client_3,45.3,8,43.0,F,0
client_3,35.8,16,43.8,M,0
client_3,42.7,16,30.6,M,1
client_3,59.1,10,32.3,M,0
client_3,37.9,16,49.3,F,1
client_3,54.2,6,57.7,M,1
client_3,46.7,16,44.8,M,0
client_3,22.4,8,31.0,M,0
client_3,26.8,6,43.4,F,1
client_3,30.0,14,64.3,F,0
client_3,29.7,10,41.0,F,0
client_3,38.9,9,54.6,M,0
client_3,47.4,14,32.6,F,1
client_3,55.1,9,39.6,M,1
client_3,43.7,14,46.2,F,0
client_3,34.7,8,44.0,M,1
client_3,18.0,6,32.3,F,0
client_3,40.8,9,31.9,F,0
client_3,40.3,12,49.9,M,0
client_3,42.2,8,51.9,M,0
client_3,65.3,7,55.1,M,1
client_3,54.9,14,58.0,F,1
client_3,49.4,11,41.3,F,0
client_3,28.5,10,36.9,F,1
client_3,33.8,8,53.5,M,1
client_3,38.9,6,47.1,F,1
client_3,30.7,6,30.2,F,0
client_3,46.0,13,29.7,M,0
client_3,44.3,6,44.9,F,0
client_3,26.9,8,38.2,F,0
client_3,54.4,16,39.7,F,0
client_3,41.2,9,50.7,M,0
client_3,19.3,14,47.6,F,0
client_3,39.4,9,53.3,F,1
client_3,43.4,16,20.7,F,1
client_3,51.7,15,42.5,M,1
client_3,36.0,11,46.9,M,0
client_3,49.9,13,24.7,F,1
client_3,42.2,10,33.5,F,1
client_3,24.2,16,31.6,F,1
client_3,23.0,9,40.2,M,1
client_3,53.5,15,56.3,F,1
client_3,54.4,12,60.2,F,1
client_3,43.9,13,31.9,F,1
client_3,57.9,9,45.3,M,1
client_3,52.7,15,45.6,M,1
client_3,48.2,14,43.9,M,1
client_3,29.1,14,44.0,F,0
client_3,60.8,14,43.0,F,1
client_3,46.4,7,56.9,F,0
client_3,35.4,15,51.0,F,1
client_3,32.0,15,29.4,M,1
client_3,43.1,8,48.0,M,1
client_3,19.9,16,48.9,F,0
client_3,48.4,11,43.1,M,1
client_3,28.6,9,51.3,F,0
client_3,44.4,8,41.9,M,0
client_3,33.7,10,42.0,M,0
client_3,36.8,6,41.2,F,1
client_3,30.9,13,19.8,M,0
client_3,38.1,13,39.2,M,0
client_3,62.7,13,33.3,F,1
client_3,56.6,12,28.1,F,1
client_3,44.3,9,54.3,M,0
client_3,39.7,13,45.0,F,1
client_3,50.1,15,39.7,F,0
client_3,53.6,6,34.4,M,1
client_3,30.0,10,43.0,M,0
client_3,39.1,16,49.9,M,1
client_3,18.1,15,31.7,F,1
client_3,53.5,16,40.0,M,1
client_3,64.8,8,48.7,F,1
client_3,41.0,11,20.6,M,1
client_3,18.0,7,39.4,M,0
client_3,47.3,15,35.7,F,0
client_3,29.2,11,38.7,M,0
client_3,32.0,8,35.0,M,0
client_3,47.5,6,41.4,M,1
client_3,43.1,14,59.2,F,0
client_3,34.1,14,36.8,M,1
client_3,32.2,15,42.9,F,0
client_3,41.5,16,59.9,F,0
client_3,35.1,14,34.5,F,1
client_3,26.7,14,58.1,M,1
client_3,36.0,14,40.1,M,1
client_3,44.1,16,57.8,M,0
client_3,37.9,11,47.5,F,1
client_3,23.0,14,43.1,M,1
client_3,51.9,15,39.3,F,0
client_3,18.0,7,33.8,F,1
client_3,34.6,13,40.8,M,1
client_3,32.6,9,49.0,M,0
client_3,41.8,7,39.9,M,0
client_3,46.7,7,36.8,F,0
client_3,53.5,7,37.5,M,1
client_3,31.5,15,49.9,M,1
client_3,47.0,14,52.3,M,1
client_3,42.3,7,33.3,F,1
client_3,19.5,12,33.3,F,0
client_3,62.8,13,43.8,M,1
client_3,22.7,11,55.3,M,0
client_3,45.0,12,51.5,M,1
client_3,44.7,15,27.5,M,0
client_3,43.3,11,37.4,F,0
client_3,34.1,13,30.7,M,0
client_3,49.9,12,37.3,F,0
client_3,21.3,10,56.0,M,0
client_3,39.2,15,25.8,M,1
client_3,33.2,10,23.8,F,0
client_3,31.9,14,31.7,F,1
client_3,45.1,12,42.9,F,0
client_3,52.9,13,46.2,M,1
client_3,35.9,14,44.4,M,0
client_3,49.4,14,51.8,M,0
client_3,40.6,12,22.4,F,0
client_3,29.3,12,51.9,M,1
client_3,36.9,11,36.9,F,1
client_3,36.4,9,47.3,F,0
client_3,31.6,13,26.8,F,0
client_3,45.1,15,40.0,M,1
client_3,42.8,13,42.4,M,1
client_3,20.9,14,51.6,M,0
client_3,20.2,15,24.1,M,0
client_3,45.1,10,40.3,F,1
client_3,30.2,6,29.1,M,0
client_3,43.6,9,45.1,F,0
client_3,49.4,14,47.8,M,0
client_3,24.7,14,52.9,F,0
client_3,23.1,11,34.6,M,1
client_3,60.1,14,49.3,M,0
client_3,44.2,6,53.6,M,0
client_3,35.0,13,23.6,M,0
client_3,28.8,13,46.1,F,1
client_3,33.9,11,49.6,F,0
client_3,25.7,13,37.4,M,0
client_3,50.6,11,27.9,M,0
client_3,30.7,11,49.4,F,1
client_3,53.1,12,28.0,M,1
client_3,35.2,14,38.2,F,0
client_3,27.5,8,39.6,M,0
client_3,34.9,9,47.2,F,0
client_3,18.0,10,33.7,F,0
client_3,38.6,8,33.2,M,1
client_3,38.0,9,41.0,M,1
client_3,49.9,9,50.1,M,0
client_3,18.0,9,62.9,M,0
client_3,53.9,10,24.9,M,0
client_3,49.8,11,43.2,F,1
client_3,55.0,13,29.1,M,1
client_3,39.4,9,50.2,M,0
client_3,52.2,15,30.6,M,0
client_3,22.3,11,33.3,M,0
client_3,48.6,13,34.1,F,0
client_3,30.7,7,39.2,M,0
client_3,20.2,7,43.2,M,0
client_3,26.5,10,44.8,F,1
client_3,40.1,10,39.9,M,0
client_3,30.1,11,26.7,F,0
client_3,44.5,7,47.3,M,1
client_3,18.3,11,39.5,M,1
client_3,18.0,13,51.6,F,1
client_3,56.5,14,32.9,M,1
client_3,50.8,8,24.0,F,1
client_3,27.4,9,39.7,M,0
client_3,40.0,11,53.0,M,0
client_3,52.2,11,41.6,F,0
client_3,45.0,14,38.0,F,1
client_3,41.8,10,31.3,F,1
client_3,53.1,13,57.6,F,1
client_3,31.2,15,29.7,F,1
client_3,40.4,9,32.7,F,0
client_3,39.8,15,45.7,F,1
client_3,36.7,9,21.4,F,1
client_3,35.3,9,52.7,F,1
client_3,40.9,13,46.2,F,1
client_3,40.4,12,49.0,M,0
client_3,27.4,12,45.6,M,1
client_3,49.6,8,38.4,F,0
client_3,28.3,7,29.4,M,0
client_3,37.4,15,38.6,F,0
client_3,36.5,15,30.2,M,0
client_3,44.3,15,44.9,F,1
client_3,18.0,11,48.1,F,1
client_3,50.7,15,54.8,M,0
client_3,31.9,11,43.7,F,1
client_3,54.6,6,49.2,M,0
client_3,34.3,8,37.0,F,0
client_3,39.4,8,35.2,F,1
client_3,63.0,10,44.7,F,0
client_3,36.7,16,36.1,M,1
client_3,54.9,9,42.7,F,1
client_3,40.5,12,29.4,M,1
client_3,45.0,8,31.2,M,0
client_3,40.8,13,46.4,M,1
client_3,50.2,12,48.9,M,0
client_3,31.8,7,30.1,M,1
client_3,28.2,11,46.7,M,1
client_3,32.3,7,34.7,F,0
client_3,41.2,15,40.2,F,0
client_3,37.4,13,54.2,M,0
client_3,48.5,16,48.1,F,0
client_3,55.7,15,48.0,M,0
client_3,28.3,8,59.1,F,0
client_3,31.2,13,33.0,F,1
client_3,22.8,7,30.1,F,1
client_3,64.4,16,32.8,F,0
client_3,43.7,14,37.5,M,0
client_3,45.8,13,16.5,M,1
client_3,23.9,16,37.9,F,1
client_3,40.0,15,34.6,F,1
client_3,46.1,15,47.8,M,1
client_3,37.0,7,43.5,F,1
client_3,52.9,6,34.0,M,1
client_3,67.7,16,45.9,M,1
client_3,28.6,8,47.2,F,1
client_3,27.7,10,32.3,F,0
client_3,29.5,6,35.1,F,1
client_3,59.3,12,17.7,F,1
client_3,52.5,15,29.1,F,0
client_3,38.4,15,32.6,M,0
client_3,40.4,12,40.7,F,1
client_3,30.2,13,30.5,M,1
client_3,50.7,11,34.9,M,1
client_3,35.4,10,27.7,F,1
client_3,36.9,12,41.7,M,1
client_3,47.3,16,44.3,F,0
client_3,37.7,8,44.0,M,0
client_3,37.2,11,40.1,M,0
client_3,40.1,12,24.6,M,0
client_3,49.5,12,33.8,M,1
client_3,59.8,6,35.9,F,1
client_3,47.0,9,36.0,F,0
client_3,49.6,13,40.7,F,0
client_3,37.6,13,54.3,M,1
client_3,31.5,14,48.1,F,1
client_3,47.8,16,30.1,M,1
client_3,42.1,13,46.8,F,0
client_3,22.9,12,46.4,M,1
client_3,36.1,9,31.9,M,1
client_3,39.0,10,48.5,F,1
client_3,33.9,15,38.4,F,1
client_3,57.8,11,25.9,M,1
client_3,45.8,13,44.6,F,0
client_3,56.5,7,42.2,F,0
client_3,43.2,7,37.7,F,0
client_3,41.0,8,39.6,M,1
client_3,28.8,8,32.8,F,1
client_3,40.1,12,46.1,F,0
client_3,40.2,13,39.6,M,0
client_3,23.6,12,41.7,F,0
client_3,33.5,9,43.6,F,0
client_3,36.1,12,28.5,F,1
client_3,45.0,7,31.1,F,1
client_3,45.5,11,17.9,F,0
client_3,33.0,7,45.6,F,0
client_3,45.6,6,27.9,F,1
client_3,37.8,7,41.3,M,1
client_4,41.3,8,40.4,F,0
client_4,32.2,16,40.5,F,1
client_4,44.8,10,63.3,F,0
client_4,32.2,16,46.3,F,0
client_4,31.8,8,34.1,M,0
client_4,45.0,14,46.9,F,0
client_4,38.3,6,61.4,M,0
client_4,18.0,7,23.7,F,0
client_4,22.5,6,31.6,F,0
client_4,26.2,15,37.6,F,0
client_4,29.4,13,35.8,F,1
client_4,45.0,14,36.7,M,1
client_4,42.6,16,27.0,F,0
client_4,52.8,9,54.0,F,0
client_4,49.0,13,25.8,M,0
client_4,52.9,11,38.0,M,1
client_4,47.3,11,50.5,F,1
client_4,42.5,13,39.7,F,1
client_4,53.2,11,30.2,F,0
client_4,51.0,6,26.5,M,0
client_4,44.5,6,37.7,M,0
client_4,55.3,11,32.4,F,0
client_4,18.0,12,42.1,F,0
client_4,36.5,14,26.0,M,1
client_4,36.3,12,48.1,M,1
client_4,53.8,8,41.2,M,0
client_4,58.9,10,41.9,M,0
client_4,22.6,10,54.4,M,1
client_4,56.9,16,35.6,F,0
client_4,25.9,11,32.7,F,0
client_4,26.3,12,34.5,M,1
client_4,37.2,14,38.1,M,1
client_4,36.2,9,39.1,F,0
client_4,21.3,16,31.7,F,1
client_4,47.8,13,19.8,M,0
client_4,48.2,15,34.4,F,0
client_4,52.6,14,43.6,M,1
client_4,34.8,12,41.4,F,1
client_4,39.5,6,52.0,F,1
client_4,39.6,12,59.6,M,1
client_4,60.3,7,47.6,F,0
client_4,18.0,12,53.8,F,1
client_4,28.5,13,47.7,F,0
client_4,40.1,11,57.1,M,1
client_4,27.0,9,58.5,M,1
client_4,36.9,6,49.5,F,0
client_4,38.5,13,47.1,F,1
client_4,32.1,13,37.9,F,0
client_4,40.8,11,39.6,F,0
client_4,47.5,13,36.6,F,1
client_4,37.2,14,46.2,M,1
client_4,34.6,11,32.8,F,0
client_4,38.0,6,38.1,F,0
client_4,39.9,15,16.4,M,1
client_4,19.1,11,57.2,F,1
client_4,45.5,13,37.8,M,1
client_4,34.6,16,44.6,M,1
client_4,55.1,9,54.6,M,1
client_4,47.1,12,43.0,F,0
client_4,54.0,6,54.4,F,0
client_4,27.9,15,27.6,F,1
client_4,35.5,6,64.0,F,0
client_4,25.1,11,50.9,M,0
client_4,31.5,9,42.1,M,1
client_4,55.0,6,54.3,F,0
client_4,57.8,11,28.3,F,0
client_4,26.2,16,37.1,M,1
client_4,34.5,7,54.4,F,0
client_4,39.1,9,21.3,M,0
client_4,47.0,8,45.6,M,1
client_4,18.9,7,45.3,M,1
client_4,20.8,8,59.7,F,0
client_4,45.9,12,24.2,M,1
client_4,18.0,14,56.1,F,0
client_4,34.6,13,34.4,F,1
client_4,41.9,14,35.5,F,1
client_4,45.0,13,27.8,M,1
client_4,38.3,10,29.1,M,0
client_4,35.6,15,44.0,F,0
client_4,50.1,7,28.9,F,0
client_4,43.4,13,47.4,M,1
client_4,32.2,7,33.4,M,0
client_4,40.5,14,27.9,M,1
client_4,44.6,6,34.7,F,0
client_4,60.6,8,43.4,F,0
client_4,49.4,10,37.2,F,0
client_4,54.6,13,40.3,M,1
client_4,32.7,6,47.0,F,0
client_4,33.7,8,50.8,F,0
client_4,37.2,9,36.9,M,1
client_4,38.3,14,29.6,M,1
client_4,27.9,16,40.8,F,1
client_4,55.2,12,44.7,M,1
client_4,50.6,11,25.4,M,1
client_4,36.3,9,31.1,F,0
client_4,47.7,15,32.8,F,0
client_4,42.7,7,37.9,F,0
client_4,48.6,7,32.4,F,0
client_4,23.9,8,47.1,F,0
client_4,38.3,8,23.9,F,0
client_4,39.3,11,24.2,M,0
client_4,47.5,16,36.7,M,1
client_4,32.5,13,38.2,M,1
client_4,18.0,10,25.5,F,0
client_4,27.0,8,33.9,M,1
client_4,39.3,13,36.0,M,1
client_4,40.8,8,36.1,M,0
client_4,60.2,16,41.5,M,1
client_4,47.0,11,33.4,F,1
client_4,41.0,12,54.8,M,0
client_4,39.6,15,44.9,M,1
client_4,53.3,9,31.9,M,1
client_4,32.9,11,40.9,F,1
client_4,38.3,11,41.2,M,1
client_4,26.9,8,52.1,M,0
client_4,57.0,6,34.0,M,0
client_4,44.7,9,47.7,F,0
client_4,31.5,7,40.4,F,0
client_4,38.6,13,54.9,M,1
client_4,46.1,6,52.9,M,0
client_4,37.0,9,42.0,F,0
client_4,33.6,15,37.4,M,1
client_4,32.1,12,45.1,M,1
client_4,44.1,13,38.2,F,0
client_4,35.7,13,56.8,F,0
client_4,34.6,9,40.8,M,0
client_4,24.0,12,35.9,M,0
client_4,40.9,8,35.4,M,0
client_4,37.8,12,27.9,M,1
client_4,36.1,13,45.6,F,0
client_4,42.4,15,31.8,F,0
client_4,49.0,16,51.0,M,1
client_4,48.4,6,27.1,M,0
client_4,46.6,9,41.3,F,0
client_4,37.1,12,51.5,M,1
client_4,33.2,9,18.5,F,0
client_4,27.5,12,60.2,F,1
client_4,32.9,15,35.7,F,0
client_4,40.2,8,41.4,F,0
client_4,30.6,15,45.7,M,1
client_4,41.2,15,47.3,M,1
client_4,28.4,16,42.7,F,0
client_4,20.1,6,50.0,M,0
client_4,49.8,9,45.2,M,0
client_4,34.3,7,57.6,M,1
client_4,30.0,7,45.2,F,0
client_4,26.9,6,59.6,M,1
client_4,45.1,10,49.0,F,1
client_4,56.5,6,21.9,F,0
client_4,35.2,9,66.1,M,1
client_4,37.4,16,34.3,F,1
client_4,52.9,15,55.0,F,0
client_4,18.3,16,40.3,M,1
client_4,63.6,6,50.6,M,1
client_4,69.3,13,33.1,F,0
client_4,18.0,12,46.3,F,0
client_4,38.8,7,37.5,F,0
client_4,31.4,15,55.8,M,1
client_4,36.8,10,44.4,M,1
client_4,35.0,16,49.4,M,1
client_4,49.7,7,18.4,F,0
client_4,38.6,13,39.1,F,0
client_4,29.1,7,44.1,F,0
client_4,37.9,16,42.2,F,1
client_4,46.2,12,49.6,M,1
client_4,25.8,6,36.3,F,0
client_4,20.2,8,40.5,M,0
client_4,63.9,9,51.8,M,1
client_4,32.3,6,17.2,F,0
client_4,38.4,6,45.9,M,0
client_4,35.2,16,36.7,M,1
client_4,46.6,16,30.9,F,1
client_4,61.3,11,43.4,F,1
client_4,47.0,15,52.3,F,1
client_4,21.8,13,50.4,F,0
client_4,23.4,6,38.6,M,0
client_4,35.2,13,48.8,M,1
client_4,36.8,6,48.7,F,0
client_4,19.3,14,39.1,M,1
client_4,49.8,10,33.1,M,1
client_4,27.0,7,33.6,F,0
client_4,57.9,8,48.4,M,0
client_4,61.8,13,39.6,F,0
client_4,37.0,15,29.5,F,0
client_4,45.3,12,23.2,F,0
client_4,25.2,7,48.3,M,1
client_4,47.5,15,34.5,M,1
client_4,34.0,14,43.3,F,0
client_4,27.0,10,52.4,F,0
client_4,36.5,12,26.9,F,0
client_4,34.4,16,39.5,M,1
client_4,36.1,10,38.3,M,1
client_4,51.4,6,43.8,F,0
client_4,30.6,7,52.4,M,0
client_4,60.8,12,26.7,M,1
client_4,24.1,16,45.7,M,1
client_4,59.4,14,50.3,M,1
client_4,27.8,12,38.1,M,1
client_4,40.0,9,38.6,M,0
client_4,34.1,10,44.2,F,1
client_4,35.9,6,43.4,F,0
client_4,49.6,10,45.8,M,1
client_4,58.0,12,45.6,F,0
client_4,54.3,15,30.2,M,0
client_4,35.1,16,49.9,M,1
client_4,42.2,15,51.7,F,1
client_4,30.6,6,41.9,M,1
client_4,28.1,14,25.1,F,1
client_4,26.2,8,38.9,M,0
client_4,34.7,12,41.9,M,1
client_4,43.0,16,28.6,F,0
client_4,18.0,15,36.4,M,1
client_4,39.4,13,25.9,F,0
client_4,58.2,9,46.1,F,0
client_4,53.5,11,41.7,M,0
client_4,33.0,13,23.5,M,1
client_4,23.2,11,43.5,F,1
client_4,45.5,10,39.4,F,0
client_4,18.0,10,45.2,F,0
client_4,53.3,12,36.1,F,1
client_4,37.4,6,32.0,M,1
client_4,62.0,16,32.3,F,1
client_4,19.3,7,34.6,M,0
client_4,51.0,16,40.2,M,1
client_4,38.8,6,41.5,M,1
client_4,36.0,11,38.1,F,0
client_4,23.6,10,35.8,M,0
client_4,47.1,12,36.5,F,0
client_4,48.1,10,65.1,F,1
client_4,61.4,15,32.3,F,0
client_4,52.1,6,34.4,M,0
client_4,32.9,16,72.9,M,1
client_4,28.0,13,44.2,M,1
client_4,23.6,14,26.2,M,1
client_4,57.7,7,48.4,M,1
client_4,30.7,6,30.9,F,0
client_4,57.8,10,49.1,F,1
client_4,46.3,9,37.9,M,0
client_4,44.0,14,35.6,M,1
client_4,36.3,15,56.1,F,0
client_4,47.9,10,45.7,M,0
client_4,39.8,14,49.7,F,0
client_4,35.6,6,44.3,M,1
client_4,48.4,14,35.6,M,1
client_4,38.3,7,46.1,M,0
client_4,30.4,13,52.1,M,1
client_4,47.2,10,41.3,M,1
client_4,39.2,10,58.0,F,1
client_4,45.9,9,48.5,M,1
client_4,34.6,10,42.1,M,1
client_4,25.5,15,42.5,M,1
client_4,60.8,14,41.4,F,0
client_4,58.6,9,27.5,F,0
client_4,50.6,9,39.1,M,0
client_4,35.3,11,42.2,F,0
client_4,36.4,13,35.8,M,1
client_4,56.6,8,43.4,F,0
client_4,35.8,13,40.2,M,1
client_4,32.4,16,47.7,M,1
client_4,62.5,15,46.6,F,1
client_4,39.4,12,41.7,M,1
client_4,61.2,9,26.3,M,0
client_4,23.2,9,57.9,M,0
client_4,46.2,14,38.6,M,1
client_4,64.9,11,39.2,M,1
client_4,40.4,7,36.6,F,0
client_4,36.8,13,35.1,F,0
client_4,26.0,7,55.4,F,0
client_4,53.0,16,53.9,M,1
client_4,30.8,10,44.4,M,0
client_4,38.9,9,38.9,M,1
client_4,25.2,6,46.2,F,0
client_4,58.7,7,40.7,M,0
client_4,53.9,16,38.1,M,1
client_4,39.6,11,43.4,F,0
client_4,26.2,15,35.6,F,0
client_4,58.4,16,42.5,F,1
client_4,35.6,6,42.0,M,1
client_4,26.7,10,46.0,M,1
client_4,18.9,15,33.8,F,1
client_4,32.2,11,47.1,F,0
client_4,22.5,11,30.9,M,0
client_4,32.5,12,34.3,F,0
client_4,48.9,13,34.7,M,1
client_4,35.5,16,29.3,F,1
client_4,44.3,15,50.2,F,1
client_4,31.3,12,30.3,F,0
client_4,40.8,12,33.0,M,1
client_4,63.1,9,52.6,F,1
client_4,35.8,7,34.3,M,1
client_4,44.6,13,38.1,F,1
client_4,21.2,6,29.9,F,0
client_4,58.2,13,48.3,F,1
client_4,34.3,11,48.5,F,0
client_4,52.6,14,47.4,F,1
client_4,38.5,16,45.4,M,1
client_4,47.3,12,40.7,F,0
client_4,48.1,12,34.8,M,1
client_4,34.6,11,31.9,F,0
client_4,53.1,10,52.9,F,0
client_4,30.9,6,47.6,M,0
client_4,49.3,6,33.1,M,1
client_4,35.3,13,40.4,F,1
client_4,44.2,16,37.0,F,0
client_4,34.5,6,28.7,M,1
client_4,40.6,9,41.8,F,0
client_4,27.1,12,35.8,F,0
client_4,43.0,13,30.5,M,1
client_4,40.5,14,25.2,M,1
client_4,33.5,13,24.4,F,0
client_4,39.3,6,36.3,F,0
client_4,41.6,8,39.1,F,0
client_4,32.6,11,31.2,F,0
client_4,38.5,6,46.5,M,0
client_4,27.9,9,39.3,M,0
client_4,68.1,10,45.8,F,0
client_4,52.7,16,38.2,F,0
client_4,43.3,9,32.1,F,0
client_4,54.1,16,41.1,F,0
client_4,18.0,13,27.4,M,1
client_4,18.0,13,45.4,F,0
client_4,35.2,15,30.6,M,0
client_4,23.5,15,49.2,M,1
client_4,37.2,8,36.6,M,1
client_4,42.5,10,50.6,F,0
client_4,51.0,11,28.8,M,1
client_4,26.3,16,33.2,M,1
client_4,44.8,6,43.8,F,0
client_4,40.2,11,51.7,F,0
client_4,44.2,8,56.7,F,0
client_4,33.8,8,40.4,M,0
client_4,56.6,14,58.4,M,1
client_4,38.8,8,37.1,F,0
client_4,61.3,14,51.0,F,1
client_4,30.5,16,30.6,F,0
client_4,48.9,14,44.2,F,0
client_4,39.3,7,16.6,M,1
client_4,36.1,7,28.8,M,0
client_4,47.6,10,44.7,F,0
client_4,36.4,12,26.9,M,0
client_4,18.0,14,44.3,M,1
client_4,18.0,10,49.1,M,1
client_4,55.3,7,35.0,M,1
client_4,54.8,16,30.3,F,1
client_4,62.6,15,35.3,M,1
client_4,39.8,13,30.3,F,0
client_4,24.5,13,39.0,M,1
client_4,35.0,16,41.0,F,0
client_4,40.1,11,36.9,F,0
client_4,27.9,7,56.7,M,1
client_4,59.8,12,32.8,M,1
client_4,66.9,10,53.9,F,0
client_4,45.7,14,29.6,F,0
client_4,39.9,14,40.7,F,0
client_4,24.5,11,51.8,M,1
client_4,58.6,10,51.3,F,0
client_4,40.9,10,35.8,M,1
client_4,36.5,12,45.6,M,1
client_4,45.8,13,44.2,M,1
client_4,33.0,11,34.6,M,1
client_4,41.8,11,46.2,M,1
client_4,22.7,16,58.6,F,1
client_4,53.0,8,44.7,M,0
client_4,38.7,7,45.7,F,0
client_4,53.9,14,46.7,M,1
client_4,37.6,16,25.4,F,0
client_4,38.4,12,44.6,M,1
client_4,25.5,10,29.8,F,0
client_4,49.1,9,34.1,F,0
client_4,29.5,11,61.6,M,1
client_4,34.2,6,37.5,M,1
client_4,40.0,11,32.6,F,0
client_4,41.5,8,51.5,F,0
client_4,19.5,8,30.5,M,0
client_4,37.2,12,35.5,F,0
client_4,49.5,16,52.5,M,1
client_4,35.5,8,40.4,F,0
client_4,37.3,16,24.4,M,1
client_4,41.9,11,45.4,M,0
client_4,38.5,16,36.0,M,1
client_4,27.6,10,55.4,F,0
client_4,39.6,16,33.9,F,0
client_4,51.9,13,50.5,F,0
client_4,27.4,13,57.8,F,0
client_4,35.5,12,31.5,F,0
client_4,23.4,10,38.1,F,0
client_4,51.3,11,43.9,M,1
client_4,38.9,15,31.4,M,1
client_4,29.8,14,42.7,F,1
client_4,41.1,6,37.8,F,0
client_4,25.6,13,37.5,M,1
client_4,27.6,15,40.5,F,1
client_4,22.5,14,40.7,M,1
client_4,27.2,11,41.6,F,0
client_4,56.3,9,34.0,F,0
client_4,31.2,13,34.4,F,0
client_4,45.6,13,38.8,F,1
client_4,30.0,10,39.6,M,1
client_4,49.1,10,35.6,F,0
client_4,27.7,10,43.2,M,1
