dataset,K,row,metric,mean,std,n
adultnoniid,4,BL,loss,0.7119320929881539,0.030641017126278612,5
adultnoniid,20,BL,loss,0.6935300754465681,0.02445503109801272,5
celebanoniid,4,BL,loss,0.7923621535929588,0.013896145899181008,5
celebanoniid,20,BL,loss,0.8010822820102834,0.004631340269019764,5
imdbnoniid,4,BL,loss,0.5697023073447538,0.004355094837663736,5
imdbnoniid,20,BL,loss,0.5115243437682215,0.005811760708815405,5
adultnoniid,4,ST,loss,0.7352452273972665,0.010382759773963713,5
adultnoniid,20,ST,loss,0.7268150857717635,0.007259285585215816,5
celebanoniid,4,ST,loss,0.7923149584252667,0.021162550706054287,5
celebanoniid,20,ST,loss,0.8082248689565155,0.006082913578728843,5
imdbnoniid,4,ST,loss,0.5409570422946163,0.05765634114843473,5
imdbnoniid,20,ST,loss,0.506206998452914,0.002904599101418943,5
adultnoniid,4,DY,loss,0.7366768909560245,0.00867084752620523,5
adultnoniid,20,DY,loss,0.7231412989889834,0.013161362175735818,5
celebanoniid,4,DY,loss,0.8116690094507856,0.009479749254085507,5
celebanoniid,20,DY,loss,0.809152778788355,0.007844376770959297,5
imdbnoniid,4,DY,loss,0.5449178690666308,0.009989317302149107,5
imdbnoniid,20,DY,loss,0.5083564699140433,0.002281153146592429,5
adultnoniid,4,BL,acc,0.8493806940321426,0.01458106350856525,5
adultnoniid,20,BL,acc,0.8396560548674378,0.010186920755417845,5
celebanoniid,4,BL,acc,0.91324,0.0025215868019959377,5
celebanoniid,20,BL,acc,0.91324,0.003148078779192145,5
imdbnoniid,4,BL,acc,0.8180400000000001,0.0018778711350888784,5
imdbnoniid,20,BL,acc,0.6307599999999999,0.085876692996412,5
adultnoniid,4,ST,acc,0.8472310369536288,0.026575449067177955,5
adultnoniid,20,ST,acc,0.8332070836318968,0.017416864533514098,5
celebanoniid,4,ST,acc,0.91432,0.0040290941910062225,5
celebanoniid,20,ST,acc,0.9117599999999999,0.003460404600621166,5
imdbnoniid,4,ST,acc,0.74892,0.048040083263874565,5
imdbnoniid,20,ST,acc,0.51776,0.02562698577671589,5
adultnoniid,4,DY,acc,0.8452656361961305,0.026542386739720147,5
adultnoniid,20,DY,acc,0.8346197154263486,0.024170678430842467,5
celebanoniid,4,DY,acc,0.91472,0.0021414014102918697,5
celebanoniid,20,DY,acc,0.9147200000000002,0.0025253910588263232,5
imdbnoniid,4,DY,acc,0.7914,0.035246787087619746,5
imdbnoniid,20,DY,acc,0.6495599999999999,0.09546194215497608,5
adultnoniid,4,ET-fair,fairDP,0.8639437249574076,0.04474622077776445,5
adultnoniid,20,ET-fair,fairDP,0.8909905946687996,0.025585484126032204,5
celebanoniid,4,ET-fair,fairDP,0.8800472293740468,0.00700694640606677,5
celebanoniid,20,ET-fair,fairDP,0.8748185440889487,0.007940002924715368,5
imdbnoniid,4,ET-fair,fairDP,,0.0,0
imdbnoniid,20,ET-fair,fairDP,,0.0,0
adultnoniid,4,BL,fairDP,0.881780158419511,0.0431504302912942,5
adultnoniid,20,BL,fairDP,0.9023868344272185,0.024721643028993167,5
celebanoniid,4,BL,fairDP,0.8715662769150037,0.006725139399954113,5
celebanoniid,20,BL,fairDP,0.869953918562128,0.00807917403228411,5
imdbnoniid,4,BL,fairDP,,0.0,0
imdbnoniid,20,BL,fairDP,,0.0,0
adultnoniid,4,ST,fairDP,0.9392728926404322,0.053398970271174,5
adultnoniid,20,ST,fairDP,0.9574983974631699,0.009191061364250247,5
celebanoniid,4,ST,fairDP,0.996812345233605,0.002029286390346111,5
celebanoniid,20,ST,fairDP,0.8992213712917563,0.007108200809440894,5
imdbnoniid,4,ST,fairDP,,0.0,0
imdbnoniid,20,ST,fairDP,,0.0,0
adultnoniid,4,DY,fairDP,0.9290531985500585,0.07624462506315273,5
adultnoniid,20,DY,fairDP,0.9591827251256975,0.010786327372415248,5
celebanoniid,4,DY,fairDP,0.9776372193706029,0.04200227907101171,5
celebanoniid,20,DY,fairDP,0.9103133865757064,0.0154871899605631,5
imdbnoniid,4,DY,fairDP,,0.0,0
imdbnoniid,20,DY,fairDP,,0.0,0
adultnoniid,4,BL,fairEO,0.9612813856827535,0.03317279908478065,5
adultnoniid,20,BL,fairEO,0.9577208073811022,0.01792817141511788,5
celebanoniid,4,BL,fairEO,0.9779514676610332,0.006506960154674027,5
celebanoniid,20,BL,fairEO,0.9775794898580917,0.005999258971510317,5
imdbnoniid,4,BL,fairEO,,0.0,0
imdbnoniid,20,BL,fairEO,,0.0,0
adultnoniid,4,ST,fairEO,0.9659739635406108,0.021707752989891006,5
adultnoniid,20,ST,fairEO,0.9894373303794739,0.008710731426087295,5
celebanoniid,4,ST,fairEO,0.9932662138386587,0.009354796786234873,5
celebanoniid,20,ST,fairEO,0.9886186870088804,0.004993688706978609,5
imdbnoniid,4,ST,fairEO,,0.0,0
imdbnoniid,20,ST,fairEO,,0.0,0
adultnoniid,4,DY,fairEO,0.9655866756007011,0.016363144079898445,5
adultnoniid,20,DY,fairEO,0.985668026900947,0.011962775813799715,5
celebanoniid,4,DY,fairEO,0.9813770678436502,0.022796399137020373,5
celebanoniid,20,DY,fairEO,0.9888603084825114,0.0038388609187155675,5
imdbnoniid,4,DY,fairEO,,0.0,0
imdbnoniid,20,DY,fairEO,,0.0,0
adultnoniid,4,ET-adv,res,0.7719671598651026,0.08064720989079378,5
adultnoniid,20,ET-adv,res,0.7285034508457389,0.20045873726990368,5
celebanoniid,4,ET-adv,res,0.5548894697949113,0.09213170973465992,5
celebanoniid,20,ET-adv,res,0.5423039030801824,0.0111782874970916,5
imdbnoniid,4,ET-adv,res,0.0,0.0,5
imdbnoniid,20,ET-adv,res,0.0,0.0,5
adultnoniid,4,BL,rel,0.987676118333504,0.0017968427505335944,5
adultnoniid,20,BL,rel,0.9885609581328694,0.0013471970583164273,5
celebanoniid,4,BL,rel,0.9050264,0.013323133349178787,5
celebanoniid,20,BL,rel,0.9086627999999999,0.022668551346744677,5
imdbnoniid,4,BL,rel,0.7419667999999999,0.016506018325447264,5
imdbnoniid,20,BL,rel,0.7746144000000001,0.11760847087450803,5
adultnoniid,4,ST,rel,0.9938446105026102,0.0043621287300868086,5
adultnoniid,20,ST,rel,0.9954126317944517,0.0020060685942826424,5
celebanoniid,4,ST,rel,0.9998696,0.00016074526431593487,5
celebanoniid,20,ST,rel,0.9034136,0.023118817492250764,5
imdbnoniid,4,ST,rel,0.8618743999999999,0.1104084936544286,5
imdbnoniid,20,ST,rel,0.9850084000000001,0.014079745134056946,5
adultnoniid,4,DY,rel,0.9908786979219981,0.005389567230502799,5
adultnoniid,20,DY,rel,0.9930993960487255,0.004527591889951559,5
celebanoniid,4,DY,rel,0.9967103999999999,0.0063077977646718965,5
celebanoniid,20,DY,rel,0.925802,0.0114028600622826,5
imdbnoniid,4,DY,rel,0.9926368,0.0067131592085991785,5
imdbnoniid,20,DY,rel,0.9858103999999999,0.012426665161659434,5
adultnoniid,4,BL,res,0.4830584799566789,0.05512878134861448,5
adultnoniid,20,BL,res,0.6342534778408918,0.06944989053105109,5
celebanoniid,4,BL,res,0.00096305613137846,0.00022100417611353623,5
celebanoniid,20,BL,res,0.0032474864840764998,0.0020769472547717423,5
imdbnoniid,4,BL,res,0.0,0.0,5
imdbnoniid,20,BL,res,0.0,0.0,5
adultnoniid,4,ST,res,0.658070299313001,0.1617830316230331,5
adultnoniid,20,ST,res,0.6127762717647132,0.29321246056104056,5
celebanoniid,4,ST,res,0.6781406906455836,0.22100084356840213,5
celebanoniid,20,ST,res,0.007287189043422621,0.007731063697585695,5
imdbnoniid,4,ST,res,0.0,0.0,5
imdbnoniid,20,ST,res,0.0,0.0,5
adultnoniid,4,DY,res,0.6609775665447964,0.19008824761285456,5
adultnoniid,20,DY,res,0.789255901771174,0.16881961661869524,5
celebanoniid,4,DY,res,0.7795287015080481,0.39107694538185056,5
celebanoniid,20,DY,res,0.00654421581606902,0.004493578716066126,5
imdbnoniid,4,DY,res,0.0,0.0,5
imdbnoniid,20,DY,res,0.0,0.0,5
adultnoniid,4,ET-dp,priv,0.9740237557190875,0.010510569625248638,5
adultnoniid,20,ET-dp,priv,0.9739458466731193,0.0032420127055142593,5
celebanoniid,4,ET-dp,priv,0.9644992,0.01598309416740574,5
celebanoniid,20,ET-dp,priv,0.9480161280000001,0.012302393539402642,5
imdbnoniid,4,ET-dp,priv,0.980405888,0.003167465209648876,5
imdbnoniid,20,ET-dp,priv,0.978912384,0.0045499149531638096,5
adultnoniid,4,BL,priv,0.9344822150718957,0.03287469093167079,5
adultnoniid,20,BL,priv,0.959661291848024,0.01520653671952886,5
celebanoniid,4,BL,priv,0.900424704,0.03412612651129197,5
celebanoniid,20,BL,priv,0.932231424,0.033731281705940294,5
imdbnoniid,4,BL,priv,0.9311993599999999,0.004916865051310617,5
imdbnoniid,20,BL,priv,0.967206784,0.011757229252740805,5
adultnoniid,4,ST,priv,0.9132124753746375,0.0117467889507887,5
adultnoniid,20,ST,priv,0.9336182060997785,0.023638221536665525,5
celebanoniid,4,ST,priv,0.958569984,0.014580084131786861,5
celebanoniid,20,ST,priv,0.934895872,0.012684929280632824,5
imdbnoniid,4,ST,priv,0.9587942399999999,0.01148858721618983,5
imdbnoniid,20,ST,priv,0.9676862720000001,0.002958686827242102,5
adultnoniid,4,DY,priv,0.9271165737996206,0.019567194821637966,5
adultnoniid,20,DY,priv,0.9372221115464358,0.03209711712644008,5
celebanoniid,4,DY,priv,0.9573690880000001,0.009956859803979168,5
celebanoniid,20,DY,priv,0.92580736,0.03695562058015858,5
imdbnoniid,4,DY,priv,0.942947328,0.008697804085552624,5
imdbnoniid,20,DY,priv,0.9710178559999999,0.004299468967366082,5
